Nombre de la Empresa,Fecha,Precio de Cierre
Microsoft (MSFT),2018-01-31,87.38
Microsoft (MSFT),2018-02-28,86.65
Microsoft (MSFT),2018-03-31,84.34
Microsoft (MSFT),2018-04-30,86.42
Microsoft (MSFT),2018-05-31,91.73
Microsoft (MSFT),2018-06-30,91.52
Microsoft (MSFT),2018-07-31,98.45
Microsoft (MSFT),2018-08-31,104.65
Microsoft (MSFT),2018-09-30,106.55
Microsoft (MSFT),2018-10-31,99.51
Microsoft (MSFT),2018-11-30,103.75
Microsoft (MSFT),2018-12-31,95.03
Microsoft (MSFT),2019-01-31,97.71
Microsoft (MSFT),2019-02-28,105.27
Microsoft (MSFT),2019-03-31,110.82
Microsoft (MSFT),2019-04-30,122.72
Microsoft (MSFT),2019-05-31,116.65
Microsoft (MSFT),2019-06-30,126.34
Microsoft (MSFT),2019-07-31,128.52
Microsoft (MSFT),2019-08-31,130.45
Microsoft (MSFT),2019-09-30,131.56
Microsoft (MSFT),2019-10-31,135.67
Microsoft (MSFT),2019-11-30,143.73
Microsoft (MSFT),2019-12-31,149.73
Microsoft (MSFT),2020-01-31,161.63
Microsoft (MSFT),2020-02-29,154.25
Microsoft (MSFT),2020-03-31,150.15
Microsoft (MSFT),2020-04-30,170.62
Microsoft (MSFT),2020-05-31,174.95
Microsoft (MSFT),2020-06-30,194.3
Microsoft (MSFT),2020-07-31,195.73
Microsoft (MSFT),2020-08-31,215.84
Microsoft (MSFT),2020-09-30,201.29
Microsoft (MSFT),2020-10-31,193.77
Microsoft (MSFT),2020-11-30,205.41
Microsoft (MSFT),2020-12-31,213.42
Microsoft (MSFT),2021-01-31,222.57
Microsoft (MSFT),2021-02-28,223.49
Microsoft (MSFT),2021-03-31,226.75
Microsoft (MSFT),2021-04-30,242.53
Microsoft (MSFT),2021-05-31,240.68
Microsoft (MSFT),2021-06-30,261.14
Microsoft (MSFT),2021-07-31,274.64
Microsoft (MSFT),2021-08-31,291.56
Microsoft (MSFT),2021-09-30,272.28
Microsoft (MSFT),2021-10-31,320.28
Microsoft (MSFT),2021-11-30,319.87
Microsoft (MSFT),2021-12-31,325.42
Microsoft (MSFT),2022-01-31,300.9
Microsoft (MSFT),2022-02-28,289.7
Microsoft (MSFT),2022-03-31,298.93
Microsoft (MSFT),2022-04-30,269.08
Microsoft (MSFT),2022-05-31,264.21
Microsoft (MSFT),2022-06-30,249.6
Microsoft (MSFT),2022-07-31,272.83
Microsoft (MSFT),2022-08-31,254.65
Microsoft (MSFT),2022-09-30,226.82
Microsoft (MSFT),2022-10-31,226.07
Microsoft (MSFT),2022-11-30,249.18
Microsoft (MSFT),2022-12-31,234.22
Microsoft (MSFT),2023-01-31,242.02
Microsoft (MSFT),2023-02-28,244.21
Microsoft (MSFT),2023-03-31,282.27
Microsoft (MSFT),2023-04-30,300.84
Microsoft (MSFT),2023-05-31,322.23
Microsoft (MSFT),2023-06-30,334.15
Microsoft (MSFT),2023-07-31,329.62
Microsoft (MSFT),2023-08-31,322.29
Microsoft (MSFT),2023-09-30,310.48
Microsoft (MSFT),2023-10-31,332.47
Microsoft (MSFT),2023-11-30,373.34
Microsoft (MSFT),2023-12-31,370.52
Microsoft (MSFT),2024-01-31,391.74
Microsoft (MSFT),2024-02-29,408.32
Microsoft (MSFT),2024-03-31,415.31
Microsoft (MSFT),2024-04-30,384.32
Microsoft (MSFT),2024-05-31,410.53
Microsoft (MSFT),2024-06-30,441.99
Microsoft (MSFT),2024-07-31,413.71
Microsoft (MSFT),2024-08-31,413.26
Microsoft (MSFT),2024-09-30,426.3
Microsoft (MSFT),2024-10-31,402.57
Microsoft (MSFT),2024-11-30,420.36
Microsoft (MSFT),2024-12-31,421.72
Apple (AAPL),2018-01-31,39.21
Apple (AAPL),2018-02-28,41.88
Apple (AAPL),2018-03-31,39.45
Apple (AAPL),2018-04-30,38.86
Apple (AAPL),2018-05-31,44.11
Apple (AAPL),2018-06-30,43.7
Apple (AAPL),2018-07-31,44.92
Apple (AAPL),2018-08-31,53.92
Apple (AAPL),2018-09-30,53.47
Apple (AAPL),2018-10-31,51.84
Apple (AAPL),2018-11-30,42.45
Apple (AAPL),2018-12-31,37.5
Apple (AAPL),2019-01-31,39.56
Apple (AAPL),2019-02-28,41.34
Apple (AAPL),2019-03-31,45.35
Apple (AAPL),2019-04-30,47.91
Apple (AAPL),2019-05-31,41.95
Apple (AAPL),2019-06-30,47.43
Apple (AAPL),2019-07-31,51.05
Apple (AAPL),2019-08-31,50.21
Apple (AAPL),2019-09-30,53.88
Apple (AAPL),2019-10-31,59.84
Apple (AAPL),2019-11-30,64.48
Apple (AAPL),2019-12-31,70.85
Apple (AAPL),2020-01-31,74.68
Apple (AAPL),2020-02-29,66.11
Apple (AAPL),2020-03-31,61.5
Apple (AAPL),2020-04-30,71.06
Apple (AAPL),2020-05-31,77.1
Apple (AAPL),2020-06-30,88.47
Apple (AAPL),2020-07-31,103.08
Apple (AAPL),2020-08-31,125.4
Apple (AAPL),2020-09-30,112.54
Apple (AAPL),2020-10-31,105.79
Apple (AAPL),2020-11-30,115.89
Apple (AAPL),2020-12-31,129.17
Apple (AAPL),2021-01-31,128.46
Apple (AAPL),2021-02-28,118.22
Apple (AAPL),2021-03-31,119.08
Apple (AAPL),2021-04-30,128.16
Apple (AAPL),2021-05-31,121.69
Apple (AAPL),2021-06-30,133.75
Apple (AAPL),2021-07-31,142.44
Apple (AAPL),2021-08-31,148.49
Apple (AAPL),2021-09-30,138.39
Apple (AAPL),2021-10-31,146.51
Apple (AAPL),2021-11-30,161.9
Apple (AAPL),2021-12-31,173.92
Apple (AAPL),2022-01-31,171.19
Apple (AAPL),2022-02-28,161.93
Apple (AAPL),2022-03-31,171.24
Apple (AAPL),2022-04-30,154.61
Apple (AAPL),2022-05-31,146.18
Apple (AAPL),2022-06-30,134.28
Apple (AAPL),2022-07-31,159.61
Apple (AAPL),2022-08-31,154.63
Apple (AAPL),2022-09-30,135.92
Apple (AAPL),2022-10-31,150.81
Apple (AAPL),2022-11-30,145.83
Apple (AAPL),2022-12-31,128.0
Apple (AAPL),2023-01-31,142.15
Apple (AAPL),2023-02-28,145.44
Apple (AAPL),2023-03-31,162.7
Apple (AAPL),2023-04-30,167.41
Apple (AAPL),2023-05-31,175.12
Apple (AAPL),2023-06-30,191.64
Apple (AAPL),2023-07-31,194.09
Apple (AAPL),2023-08-31,185.87
Apple (AAPL),2023-09-30,169.39
Apple (AAPL),2023-10-31,168.95
Apple (AAPL),2023-11-30,188.17
Apple (AAPL),2023-12-31,190.73
Apple (AAPL),2024-01-31,182.67
Apple (AAPL),2024-02-29,179.29
Apple (AAPL),2024-03-31,170.09
Apple (AAPL),2024-04-30,168.95
Apple (AAPL),2024-05-31,190.95
Apple (AAPL),2024-06-30,209.2
Apple (AAPL),2024-07-31,220.58
Apple (AAPL),2024-08-31,227.72
Apple (AAPL),2024-09-30,231.7
Apple (AAPL),2024-10-31,224.65
Apple (AAPL),2024-11-30,236.26
Apple (AAPL),2024-12-31,251.06
Alphabet/Google (GOOGL),2018-01-31,58.71
Alphabet/Google (GOOGL),2018-02-28,54.82
Alphabet/Google (GOOGL),2018-03-31,51.5
Alphabet/Google (GOOGL),2018-04-30,50.58
Alphabet/Google (GOOGL),2018-05-31,54.62
Alphabet/Google (GOOGL),2018-06-30,56.07
Alphabet/Google (GOOGL),2018-07-31,60.94
Alphabet/Google (GOOGL),2018-08-31,61.17
Alphabet/Google (GOOGL),2018-09-30,59.94
Alphabet/Google (GOOGL),2018-10-31,54.16
Alphabet/Google (GOOGL),2018-11-30,55.1
Alphabet/Google (GOOGL),2018-12-31,51.89
Alphabet/Google (GOOGL),2019-01-31,55.91
Alphabet/Google (GOOGL),2019-02-28,55.94
Alphabet/Google (GOOGL),2019-03-31,58.44
Alphabet/Google (GOOGL),2019-04-30,59.54
Alphabet/Google (GOOGL),2019-05-31,54.95
Alphabet/Google (GOOGL),2019-06-30,53.77
Alphabet/Google (GOOGL),2019-07-31,60.49
Alphabet/Google (GOOGL),2019-08-31,59.12
Alphabet/Google (GOOGL),2019-09-30,60.64
Alphabet/Google (GOOGL),2019-10-31,62.51
Alphabet/Google (GOOGL),2019-11-30,64.76
Alphabet/Google (GOOGL),2019-12-31,66.51
Alphabet/Google (GOOGL),2020-01-31,71.15
Alphabet/Google (GOOGL),2020-02-29,66.5
Alphabet/Google (GOOGL),2020-03-31,57.7
Alphabet/Google (GOOGL),2020-04-30,66.87
Alphabet/Google (GOOGL),2020-05-31,71.19
Alphabet/Google (GOOGL),2020-06-30,70.42
Alphabet/Google (GOOGL),2020-07-31,73.89
Alphabet/Google (GOOGL),2020-08-31,80.92
Alphabet/Google (GOOGL),2020-09-30,72.78
Alphabet/Google (GOOGL),2020-10-31,80.25
Alphabet/Google (GOOGL),2020-11-30,87.12
Alphabet/Google (GOOGL),2020-12-31,87.03
Alphabet/Google (GOOGL),2021-01-31,90.74
Alphabet/Google (GOOGL),2021-02-28,100.4
Alphabet/Google (GOOGL),2021-03-31,102.42
Alphabet/Google (GOOGL),2021-04-30,116.87
Alphabet/Google (GOOGL),2021-05-31,117.04
Alphabet/Google (GOOGL),2021-06-30,121.25
Alphabet/Google (GOOGL),2021-07-31,133.8
Alphabet/Google (GOOGL),2021-08-31,143.71
Alphabet/Google (GOOGL),2021-09-30,132.76
Alphabet/Google (GOOGL),2021-10-31,147.03
Alphabet/Google (GOOGL),2021-11-30,140.93
Alphabet/Google (GOOGL),2021-12-31,143.86
Alphabet/Google (GOOGL),2022-01-31,134.38
Alphabet/Google (GOOGL),2022-02-28,134.13
Alphabet/Google (GOOGL),2022-03-31,138.11
Alphabet/Google (GOOGL),2022-04-30,113.33
Alphabet/Google (GOOGL),2022-05-31,112.98
Alphabet/Google (GOOGL),2022-06-30,108.22
Alphabet/Google (GOOGL),2022-07-31,115.52
Alphabet/Google (GOOGL),2022-08-31,107.48
Alphabet/Google (GOOGL),2022-09-30,94.99
Alphabet/Google (GOOGL),2022-10-31,93.86
Alphabet/Google (GOOGL),2022-11-30,100.3
Alphabet/Google (GOOGL),2022-12-31,87.63
Alphabet/Google (GOOGL),2023-01-31,98.16
Alphabet/Google (GOOGL),2023-02-28,89.44
Alphabet/Google (GOOGL),2023-03-31,103.02
Alphabet/Google (GOOGL),2023-04-30,106.6
Alphabet/Google (GOOGL),2023-05-31,122.03
Alphabet/Google (GOOGL),2023-06-30,118.88
Alphabet/Google (GOOGL),2023-07-31,131.81
Alphabet/Google (GOOGL),2023-08-31,135.24
Alphabet/Google (GOOGL),2023-09-30,129.96
Alphabet/Google (GOOGL),2023-10-31,123.23
Alphabet/Google (GOOGL),2023-11-30,131.62
Alphabet/Google (GOOGL),2023-12-31,138.73
Alphabet/Google (GOOGL),2024-01-31,139.14
Alphabet/Google (GOOGL),2024-02-29,137.51
Alphabet/Google (GOOGL),2024-03-31,149.9
Alphabet/Google (GOOGL),2024-04-30,161.66
Alphabet/Google (GOOGL),2024-05-31,171.32
Alphabet/Google (GOOGL),2024-06-30,181.11
Alphabet/Google (GOOGL),2024-07-31,170.56
Alphabet/Google (GOOGL),2024-08-31,162.45
Alphabet/Google (GOOGL),2024-09-30,165.12
Alphabet/Google (GOOGL),2024-10-31,170.36
Alphabet/Google (GOOGL),2024-11-30,168.21
Alphabet/Google (GOOGL),2024-12-31,190.62
Amazon (AMZN),2018-01-31,72.54
Amazon (AMZN),2018-02-28,75.62
Amazon (AMZN),2018-03-31,72.37
Amazon (AMZN),2018-04-30,78.31
Amazon (AMZN),2018-05-31,81.48
Amazon (AMZN),2018-06-30,84.99
Amazon (AMZN),2018-07-31,88.87
Amazon (AMZN),2018-08-31,100.64
Amazon (AMZN),2018-09-30,100.15
Amazon (AMZN),2018-10-31,79.9
Amazon (AMZN),2018-11-30,84.51
Amazon (AMZN),2018-12-31,75.1
Amazon (AMZN),2019-01-31,85.94
Amazon (AMZN),2019-02-28,81.99
Amazon (AMZN),2019-03-31,89.04
Amazon (AMZN),2019-04-30,96.33
Amazon (AMZN),2019-05-31,88.75
Amazon (AMZN),2019-06-30,94.68
Amazon (AMZN),2019-07-31,93.34
Amazon (AMZN),2019-08-31,88.81
Amazon (AMZN),2019-09-30,86.8
Amazon (AMZN),2019-10-31,88.83
Amazon (AMZN),2019-11-30,90.04
Amazon (AMZN),2019-12-31,92.39
Amazon (AMZN),2020-01-31,100.44
Amazon (AMZN),2020-02-29,94.19
Amazon (AMZN),2020-03-31,97.49
Amazon (AMZN),2020-04-30,123.7
Amazon (AMZN),2020-05-31,122.12
Amazon (AMZN),2020-06-30,137.94
Amazon (AMZN),2020-07-31,158.23
Amazon (AMZN),2020-08-31,172.55
Amazon (AMZN),2020-09-30,157.44
Amazon (AMZN),2020-10-31,151.81
Amazon (AMZN),2020-11-30,158.4
Amazon (AMZN),2020-12-31,162.85
Amazon (AMZN),2021-01-31,160.31
Amazon (AMZN),2021-02-28,154.65
Amazon (AMZN),2021-03-31,154.7
Amazon (AMZN),2021-04-30,173.37
Amazon (AMZN),2021-05-31,161.15
Amazon (AMZN),2021-06-30,172.01
Amazon (AMZN),2021-07-31,166.38
Amazon (AMZN),2021-08-31,173.54
Amazon (AMZN),2021-09-30,164.25
Amazon (AMZN),2021-10-31,168.62
Amazon (AMZN),2021-11-30,175.35
Amazon (AMZN),2021-12-31,166.72
Amazon (AMZN),2022-01-31,149.57
Amazon (AMZN),2022-02-28,153.56
Amazon (AMZN),2022-03-31,163.0
Amazon (AMZN),2022-04-30,124.28
Amazon (AMZN),2022-05-31,120.21
Amazon (AMZN),2022-06-30,106.21
Amazon (AMZN),2022-07-31,134.95
Amazon (AMZN),2022-08-31,126.77
Amazon (AMZN),2022-09-30,113.0
Amazon (AMZN),2022-10-31,102.44
Amazon (AMZN),2022-11-30,96.54
Amazon (AMZN),2022-12-31,84.0
Amazon (AMZN),2023-01-31,103.13
Amazon (AMZN),2023-02-28,94.23
Amazon (AMZN),2023-03-31,103.29
Amazon (AMZN),2023-04-30,105.45
Amazon (AMZN),2023-05-31,120.58
Amazon (AMZN),2023-06-30,130.36
Amazon (AMZN),2023-07-31,133.68
Amazon (AMZN),2023-08-31,138.01
Amazon (AMZN),2023-09-30,127.12
Amazon (AMZN),2023-10-31,133.09
Amazon (AMZN),2023-11-30,146.09
Amazon (AMZN),2023-12-31,151.94
Amazon (AMZN),2024-01-31,155.2
Amazon (AMZN),2024-02-29,176.76
Amazon (AMZN),2024-03-31,180.38
Amazon (AMZN),2024-04-30,175.0
Amazon (AMZN),2024-05-31,176.44
Amazon (AMZN),2024-06-30,193.25
Amazon (AMZN),2024-07-31,186.98
Amazon (AMZN),2024-08-31,178.5
Amazon (AMZN),2024-09-30,186.33
Amazon (AMZN),2024-10-31,186.4
Amazon (AMZN),2024-11-30,207.89
Amazon (AMZN),2024-12-31,221.3
Meta Platforms (META),2018-01-31,185.74
Meta Platforms (META),2018-02-28,177.23
Meta Platforms (META),2018-03-31,158.81
Meta Platforms (META),2018-04-30,170.95
Meta Platforms (META),2018-05-31,190.6
Meta Platforms (META),2018-06-30,193.13
Meta Platforms (META),2018-07-31,171.52
Meta Platforms (META),2018-08-31,174.65
Meta Platforms (META),2018-09-30,163.45
Meta Platforms (META),2018-10-31,150.86
Meta Platforms (META),2018-11-30,139.75
Meta Platforms (META),2018-12-31,130.29
Meta Platforms (META),2019-01-31,165.67
Meta Platforms (META),2019-02-28,160.46
Meta Platforms (META),2019-03-31,165.67
Meta Platforms (META),2019-04-30,192.22
Meta Platforms (META),2019-05-31,176.38
Meta Platforms (META),2019-06-30,191.82
Meta Platforms (META),2019-07-31,193.04
Meta Platforms (META),2019-08-31,184.53
Meta Platforms (META),2019-09-30,176.99
Meta Platforms (META),2019-10-31,190.48
Meta Platforms (META),2019-11-30,200.4
Meta Platforms (META),2019-12-31,203.99
Meta Platforms (META),2020-01-31,200.67
Meta Platforms (META),2020-02-29,191.29
Meta Platforms (META),2020-03-31,165.78
Meta Platforms (META),2020-04-30,203.46
Meta Platforms (META),2020-05-31,223.71
Meta Platforms (META),2020-06-30,225.68
Meta Platforms (META),2020-07-31,252.12
Meta Platforms (META),2020-08-31,291.4
Meta Platforms (META),2020-09-30,260.3
Meta Platforms (META),2020-10-31,261.5
Meta Platforms (META),2020-11-30,275.27
Meta Platforms (META),2020-12-31,271.49
Meta Platforms (META),2021-01-31,256.75
Meta Platforms (META),2021-02-28,256.04
Meta Platforms (META),2021-03-31,292.73
Meta Platforms (META),2021-04-30,323.09
Meta Platforms (META),2021-05-31,326.72
Meta Platforms (META),2021-06-30,345.58
Meta Platforms (META),2021-07-31,354.12
Meta Platforms (META),2021-08-31,377.06
Meta Platforms (META),2021-09-30,337.31
Meta Platforms (META),2021-10-31,321.59
Meta Platforms (META),2021-11-30,322.47
Meta Platforms (META),2021-12-31,334.29
Meta Platforms (META),2022-01-31,311.34
Meta Platforms (META),2022-02-28,209.74
Meta Platforms (META),2022-03-31,221.0
Meta Platforms (META),2022-04-30,199.24
Meta Platforms (META),2022-05-31,192.45
Meta Platforms (META),2022-06-30,160.26
Meta Platforms (META),2022-07-31,158.13
Meta Platforms (META),2022-08-31,161.93
Meta Platforms (META),2022-09-30,134.85
Meta Platforms (META),2022-10-31,92.59
Meta Platforms (META),2022-11-30,117.38
Meta Platforms (META),2022-12-31,119.6
Meta Platforms (META),2023-01-31,148.06
Meta Platforms (META),2023-02-28,173.87
Meta Platforms (META),2023-03-31,210.64
Meta Platforms (META),2023-04-30,238.85
Meta Platforms (META),2023-05-31,263.1
Meta Platforms (META),2023-06-30,285.22
Meta Platforms (META),2023-07-31,316.65
Meta Platforms (META),2023-08-31,294.08
Meta Platforms (META),2023-09-30,298.37
Meta Platforms (META),2023-10-31,299.42
Meta Platforms (META),2023-11-30,325.15
Meta Platforms (META),2023-12-31,351.79
Meta Platforms (META),2024-01-31,387.75
Meta Platforms (META),2024-02-29,487.64
Meta Platforms (META),2024-03-31,483.12
Meta Platforms (META),2024-04-30,427.99
Meta Platforms (META),2024-05-31,464.46
Meta Platforms (META),2024-06-30,502.16
Meta Platforms (META),2024-07-31,472.89
Meta Platforms (META),2024-08-31,519.18
Meta Platforms (META),2024-09-30,570.65
Meta Platforms (META),2024-10-31,565.8
Meta Platforms (META),2024-11-30,572.52
Meta Platforms (META),2024-12-31,589.86
Nvidia (NVDA),2018-01-31,6.08
Nvidia (NVDA),2018-02-28,5.99
Nvidia (NVDA),2018-03-31,5.73
Nvidia (NVDA),2018-04-30,5.56
Nvidia (NVDA),2018-05-31,6.24
Nvidia (NVDA),2018-06-30,5.86
Nvidia (NVDA),2018-07-31,6.06
Nvidia (NVDA),2018-08-31,6.95
Nvidia (NVDA),2018-09-30,6.96
Nvidia (NVDA),2018-10-31,5.22
Nvidia (NVDA),2018-11-30,4.05
Nvidia (NVDA),2018-12-31,3.31
Nvidia (NVDA),2019-01-31,3.56
Nvidia (NVDA),2019-02-28,3.83
Nvidia (NVDA),2019-03-31,4.46
Nvidia (NVDA),2019-04-30,4.49
Nvidia (NVDA),2019-05-31,3.37
Nvidia (NVDA),2019-06-30,4.08
Nvidia (NVDA),2019-07-31,4.19
Nvidia (NVDA),2019-08-31,4.17
Nvidia (NVDA),2019-09-30,4.33
Nvidia (NVDA),2019-10-31,5.0
Nvidia (NVDA),2019-11-30,5.39
Nvidia (NVDA),2019-12-31,5.86
Nvidia (NVDA),2020-01-31,5.88
Nvidia (NVDA),2020-02-29,6.73
Nvidia (NVDA),2020-03-31,6.56
Nvidia (NVDA),2020-04-30,7.28
Nvidia (NVDA),2020-05-31,8.84
Nvidia (NVDA),2020-06-30,9.47
Nvidia (NVDA),2020-07-31,10.58
Nvidia (NVDA),2020-08-31,13.33
Nvidia (NVDA),2020-09-30,13.49
Nvidia (NVDA),2020-10-31,12.5
Nvidia (NVDA),2020-11-30,13.36
Nvidia (NVDA),2020-12-31,13.02
Nvidia (NVDA),2021-01-31,12.95
Nvidia (NVDA),2021-02-28,13.68
Nvidia (NVDA),2021-03-31,13.32
Nvidia (NVDA),2021-04-30,14.97
Nvidia (NVDA),2021-05-31,16.21
Nvidia (NVDA),2021-06-30,19.96
Nvidia (NVDA),2021-07-31,19.46
Nvidia (NVDA),2021-08-31,22.34
Nvidia (NVDA),2021-09-30,20.67
Nvidia (NVDA),2021-10-31,25.52
Nvidia (NVDA),2021-11-30,32.61
Nvidia (NVDA),2021-12-31,29.36
Nvidia (NVDA),2022-01-31,24.44
Nvidia (NVDA),2022-02-28,24.34
Nvidia (NVDA),2022-03-31,27.24
Nvidia (NVDA),2022-04-30,18.52
Nvidia (NVDA),2022-05-31,18.64
Nvidia (NVDA),2022-06-30,15.14
Nvidia (NVDA),2022-07-31,18.14
Nvidia (NVDA),2022-08-31,15.07
Nvidia (NVDA),2022-09-30,12.12
Nvidia (NVDA),2022-10-31,13.48
Nvidia (NVDA),2022-11-30,16.91
Nvidia (NVDA),2022-12-31,14.6
Nvidia (NVDA),2023-01-31,19.52
Nvidia (NVDA),2023-02-28,23.19
Nvidia (NVDA),2023-03-31,27.76
Nvidia (NVDA),2023-04-30,27.73
Nvidia (NVDA),2023-05-31,37.8
Nvidia (NVDA),2023-06-30,42.27
Nvidia (NVDA),2023-07-31,46.7
Nvidia (NVDA),2023-08-31,49.32
Nvidia (NVDA),2023-09-30,43.47
Nvidia (NVDA),2023-10-31,40.76
Nvidia (NVDA),2023-11-30,46.74
Nvidia (NVDA),2023-12-31,49.5
Nvidia (NVDA),2024-01-31,61.5
Nvidia (NVDA),2024-02-29,79.07
Nvidia (NVDA),2024-03-31,90.31
Nvidia (NVDA),2024-04-30,86.36
Nvidia (NVDA),2024-05-31,109.58
Nvidia (NVDA),2024-06-30,123.49
Nvidia (NVDA),2024-07-31,116.98
Nvidia (NVDA),2024-08-31,119.33
Nvidia (NVDA),2024-09-30,121.41
Nvidia (NVDA),2024-10-31,132.72
Nvidia (NVDA),2024-11-30,138.21
Nvidia (NVDA),2024-12-31,137.46
Tesla (TSLA),2018-01-31,23.62
Tesla (TSLA),2018-02-28,22.87
Tesla (TSLA),2018-03-31,17.74
Tesla (TSLA),2018-04-30,19.59
Tesla (TSLA),2018-05-31,18.98
Tesla (TSLA),2018-06-30,22.86
Tesla (TSLA),2018-07-31,19.88
Tesla (TSLA),2018-08-31,20.11
Tesla (TSLA),2018-09-30,17.65
Tesla (TSLA),2018-10-31,22.49
Tesla (TSLA),2018-11-30,23.37
Tesla (TSLA),2018-12-31,22.19
Tesla (TSLA),2019-01-31,20.47
Tesla (TSLA),2019-02-28,21.33
Tesla (TSLA),2019-03-31,18.66
Tesla (TSLA),2019-04-30,15.91
Tesla (TSLA),2019-05-31,12.34
Tesla (TSLA),2019-06-30,14.9
Tesla (TSLA),2019-07-31,16.11
Tesla (TSLA),2019-08-31,15.04
Tesla (TSLA),2019-09-30,16.06
Tesla (TSLA),2019-10-31,20.99
Tesla (TSLA),2019-11-30,22.0
Tesla (TSLA),2019-12-31,27.89
Tesla (TSLA),2020-01-31,43.37
Tesla (TSLA),2020-02-29,44.53
Tesla (TSLA),2020-03-31,34.93
Tesla (TSLA),2020-04-30,52.13
Tesla (TSLA),2020-05-31,55.67
Tesla (TSLA),2020-06-30,71.99
Tesla (TSLA),2020-07-31,95.38
Tesla (TSLA),2020-08-31,166.11
Tesla (TSLA),2020-09-30,143.0
Tesla (TSLA),2020-10-31,129.35
Tesla (TSLA),2020-11-30,189.2
Tesla (TSLA),2020-12-31,235.22
Tesla (TSLA),2021-01-31,264.51
Tesla (TSLA),2021-02-28,225.17
Tesla (TSLA),2021-03-31,222.64
Tesla (TSLA),2021-04-30,236.48
Tesla (TSLA),2021-05-31,208.41
Tesla (TSLA),2021-06-30,226.57
Tesla (TSLA),2021-07-31,229.07
Tesla (TSLA),2021-08-31,245.24
Tesla (TSLA),2021-09-30,258.49
Tesla (TSLA),2021-10-31,371.33
Tesla (TSLA),2021-11-30,381.59
Tesla (TSLA),2021-12-31,352.26
Tesla (TSLA),2022-01-31,312.24
Tesla (TSLA),2022-02-28,290.14
Tesla (TSLA),2022-03-31,359.2
Tesla (TSLA),2022-04-30,290.25
Tesla (TSLA),2022-05-31,252.75
Tesla (TSLA),2022-06-30,224.47
Tesla (TSLA),2022-07-31,297.15
Tesla (TSLA),2022-08-31,275.61
Tesla (TSLA),2022-09-30,265.25
Tesla (TSLA),2022-10-31,227.54
Tesla (TSLA),2022-11-30,194.7
Tesla (TSLA),2022-12-31,123.18
Tesla (TSLA),2023-01-31,173.22
Tesla (TSLA),2023-02-28,205.71
Tesla (TSLA),2023-03-31,207.46
Tesla (TSLA),2023-04-30,164.31
Tesla (TSLA),2023-05-31,203.93
Tesla (TSLA),2023-06-30,261.77
Tesla (TSLA),2023-07-31,267.43
Tesla (TSLA),2023-08-31,258.08
Tesla (TSLA),2023-09-30,250.22
Tesla (TSLA),2023-10-31,200.84
Tesla (TSLA),2023-11-30,240.08
Tesla (TSLA),2023-12-31,248.48
Tesla (TSLA),2024-01-31,187.29
Tesla (TSLA),2024-02-29,201.88
Tesla (TSLA),2024-03-31,175.79
Tesla (TSLA),2024-04-30,183.28
Tesla (TSLA),2024-05-31,178.08
Tesla (TSLA),2024-06-30,197.88
Tesla (TSLA),2024-07-31,232.07
Tesla (TSLA),2024-08-31,214.11
Tesla (TSLA),2024-09-30,261.63
Tesla (TSLA),2024-10-31,249.85
Tesla (TSLA),2024-11-30,345.16
Tesla (TSLA),2024-12-31,417.41
Taiwan Semiconductor (TSM),2018-01-31,37.49
Taiwan Semiconductor (TSM),2018-02-28,35.87
Taiwan Semiconductor (TSM),2018-03-31,36.21
Taiwan Semiconductor (TSM),2018-04-30,31.81
Taiwan Semiconductor (TSM),2018-05-31,32.02
Taiwan Semiconductor (TSM),2018-06-30,31.36
Taiwan Semiconductor (TSM),2018-07-31,35.34
Taiwan Semiconductor (TSM),2018-08-31,37.39
Taiwan Semiconductor (TSM),2018-09-30,37.87
Taiwan Semiconductor (TSM),2018-10-31,32.68
Taiwan Semiconductor (TSM),2018-11-30,32.24
Taiwan Semiconductor (TSM),2018-12-31,31.66
Taiwan Semiconductor (TSM),2019-01-31,32.26
Taiwan Semiconductor (TSM),2019-02-28,33.49
Taiwan Semiconductor (TSM),2019-03-31,35.13
Taiwan Semiconductor (TSM),2019-04-30,37.58
Taiwan Semiconductor (TSM),2019-05-31,32.89
Taiwan Semiconductor (TSM),2019-06-30,34.69
Taiwan Semiconductor (TSM),2019-07-31,37.75
Taiwan Semiconductor (TSM),2019-08-31,37.75
Taiwan Semiconductor (TSM),2019-09-30,41.46
Taiwan Semiconductor (TSM),2019-10-31,46.05
Taiwan Semiconductor (TSM),2019-11-30,47.35
Taiwan Semiconductor (TSM),2019-12-31,52.18
Taiwan Semiconductor (TSM),2020-01-31,48.45
Taiwan Semiconductor (TSM),2020-02-29,48.36
Taiwan Semiconductor (TSM),2020-03-31,43.33
Taiwan Semiconductor (TSM),2020-04-30,48.17
Taiwan Semiconductor (TSM),2020-05-31,45.63
Taiwan Semiconductor (TSM),2020-06-30,51.86
Taiwan Semiconductor (TSM),2020-07-31,72.06
Taiwan Semiconductor (TSM),2020-08-31,72.39
Taiwan Semiconductor (TSM),2020-09-30,74.44
Taiwan Semiconductor (TSM),2020-10-31,77.01
Taiwan Semiconductor (TSM),2020-11-30,89.08
Taiwan Semiconductor (TSM),2020-12-31,100.54
Taiwan Semiconductor (TSM),2021-01-31,112.05
Taiwan Semiconductor (TSM),2021-02-28,116.12
Taiwan Semiconductor (TSM),2021-03-31,109.47
Taiwan Semiconductor (TSM),2021-04-30,108.04
Taiwan Semiconductor (TSM),2021-05-31,108.62
Taiwan Semiconductor (TSM),2021-06-30,111.64
Taiwan Semiconductor (TSM),2021-07-31,108.37
Taiwan Semiconductor (TSM),2021-08-31,110.57
Taiwan Semiconductor (TSM),2021-09-30,104.16
Taiwan Semiconductor (TSM),2021-10-31,106.07
Taiwan Semiconductor (TSM),2021-11-30,109.29
Taiwan Semiconductor (TSM),2021-12-31,112.7
Taiwan Semiconductor (TSM),2022-01-31,114.87
Taiwan Semiconductor (TSM),2022-02-28,100.24
Taiwan Semiconductor (TSM),2022-03-31,98.14
Taiwan Semiconductor (TSM),2022-04-30,87.47
Taiwan Semiconductor (TSM),2022-05-31,89.7
Taiwan Semiconductor (TSM),2022-06-30,77.35
Taiwan Semiconductor (TSM),2022-07-31,83.72
Taiwan Semiconductor (TSM),2022-08-31,78.87
Taiwan Semiconductor (TSM),2022-09-30,65.24
Taiwan Semiconductor (TSM),2022-10-31,58.57
Taiwan Semiconductor (TSM),2022-11-30,78.96
Taiwan Semiconductor (TSM),2022-12-31,71.28
Taiwan Semiconductor (TSM),2023-01-31,88.74
Taiwan Semiconductor (TSM),2023-02-28,83.32
Taiwan Semiconductor (TSM),2023-03-31,89.48
Taiwan Semiconductor (TSM),2023-04-30,81.09
Taiwan Semiconductor (TSM),2023-05-31,94.84
Taiwan Semiconductor (TSM),2023-06-30,97.49
Taiwan Semiconductor (TSM),2023-07-31,95.78
Taiwan Semiconductor (TSM),2023-08-31,90.39
Taiwan Semiconductor (TSM),2023-09-30,84.38
Taiwan Semiconductor (TSM),2023-10-31,83.81
Taiwan Semiconductor (TSM),2023-11-30,94.49
Taiwan Semiconductor (TSM),2023-12-31,101.46
Taiwan Semiconductor (TSM),2024-01-31,110.2
Taiwan Semiconductor (TSM),2024-02-29,125.53
Taiwan Semiconductor (TSM),2024-03-31,133.26
Taiwan Semiconductor (TSM),2024-04-30,134.53
Taiwan Semiconductor (TSM),2024-05-31,147.95
Taiwan Semiconductor (TSM),2024-06-30,170.79
Taiwan Semiconductor (TSM),2024-07-31,162.92
Taiwan Semiconductor (TSM),2024-08-31,168.71
Taiwan Semiconductor (TSM),2024-09-30,171.28
Taiwan Semiconductor (TSM),2024-10-31,187.92
Taiwan Semiconductor (TSM),2024-11-30,182.12
Taiwan Semiconductor (TSM),2024-12-31,198.26
ASML (ASML),2018-01-31,187.58
ASML (ASML),2018-02-28,180.58
ASML (ASML),2018-03-31,183.51
ASML (ASML),2018-04-30,175.71
ASML (ASML),2018-05-31,183.36
ASML (ASML),2018-06-30,184.59
ASML (ASML),2018-07-31,199.53
ASML (ASML),2018-08-31,191.19
ASML (ASML),2018-09-30,175.31
ASML (ASML),2018-10-31,160.71
ASML (ASML),2018-11-30,159.77
ASML (ASML),2018-12-31,145.1
ASML (ASML),2019-01-31,163.2
ASML (ASML),2019-02-28,170.51
ASML (ASML),2019-03-31,175.34
ASML (ASML),2019-04-30,196.98
ASML (ASML),2019-05-31,177.39
ASML (ASML),2019-06-30,196.14
ASML (ASML),2019-07-31,210.18
ASML (ASML),2019-08-31,209.99
ASML (ASML),2019-09-30,234.34
ASML (ASML),2019-10-31,247.12
ASML (ASML),2019-11-30,256.39
ASML (ASML),2019-12-31,280.38
ASML (ASML),2020-01-31,265.9
ASML (ASML),2020-02-29,262.16
ASML (ASML),2020-03-31,247.88
ASML (ASML),2020-04-30,274.64
ASML (ASML),2020-05-31,313.76
ASML (ASML),2020-06-30,350.44
ASML (ASML),2020-07-31,336.81
ASML (ASML),2020-08-31,356.3
ASML (ASML),2020-09-30,351.62
ASML (ASML),2020-10-31,343.95
ASML (ASML),2020-11-30,418.43
ASML (ASML),2020-12-31,466.21
ASML (ASML),2021-01-31,510.6
ASML (ASML),2021-02-28,542.08
ASML (ASML),2021-03-31,590.13
ASML (ASML),2021-04-30,619.52
ASML (ASML),2021-05-31,647.55
ASML (ASML),2021-06-30,662.28
ASML (ASML),2021-07-31,735.05
ASML (ASML),2021-08-31,798.61
ASML (ASML),2021-09-30,714.31
ASML (ASML),2021-10-31,779.28
ASML (ASML),2021-11-30,760.76
ASML (ASML),2021-12-31,765.21
ASML (ASML),2022-01-31,650.89
ASML (ASML),2022-02-28,640.61
ASML (ASML),2022-03-31,641.98
ASML (ASML),2022-04-30,541.86
ASML (ASML),2022-05-31,557.7
ASML (ASML),2022-06-30,460.53
ASML (ASML),2022-07-31,555.91
ASML (ASML),2022-08-31,475.28
ASML (ASML),2022-09-30,402.92
ASML (ASML),2022-10-31,458.28
ASML (ASML),2022-11-30,591.7
ASML (ASML),2022-12-31,531.64
ASML (ASML),2023-01-31,642.99
ASML (ASML),2023-02-28,602.35
ASML (ASML),2023-03-31,663.76
ASML (ASML),2023-04-30,621.0
ASML (ASML),2023-05-31,706.99
ASML (ASML),2023-06-30,708.77
ASML (ASML),2023-07-31,700.62
ASML (ASML),2023-08-31,647.41
ASML (ASML),2023-09-30,576.97
ASML (ASML),2023-10-31,586.91
ASML (ASML),2023-11-30,671.89
ASML (ASML),2023-12-31,743.78
ASML (ASML),2024-01-31,854.73
ASML (ASML),2024-02-29,936.8
ASML (ASML),2024-03-31,955.3
ASML (ASML),2024-04-30,860.62
ASML (ASML),2024-05-31,947.3
ASML (ASML),2024-06-30,1008.83
ASML (ASML),2024-07-31,925.69
ASML (ASML),2024-08-31,893.24
ASML (ASML),2024-09-30,823.45
ASML (ASML),2024-10-31,666.18
ASML (ASML),2024-11-30,680.11
ASML (ASML),2024-12-31,689.56
Samsung (005930.KS),2018-01-31,40581.19
Samsung (005930.KS),2018-02-28,38271.54
Samsung (005930.KS),2018-03-31,40321.26
Samsung (005930.KS),2018-04-30,43417.85
Samsung (005930.KS),2018-05-31,41533.68
Samsung (005930.KS),2018-06-30,38500.13
Samsung (005930.KS),2018-07-31,38170.02
Samsung (005930.KS),2018-08-31,39985.68
Samsung (005930.KS),2018-09-30,38623.53
Samsung (005930.KS),2018-10-31,35255.93
Samsung (005930.KS),2018-11-30,34798.6
Samsung (005930.KS),2018-12-31,32479.15
Samsung (005930.KS),2019-01-31,38731.61
Samsung (005930.KS),2019-02-28,37850.38
Samsung (005930.KS),2019-03-31,37767.54
Samsung (005930.KS),2019-04-30,38782.57
Samsung (005930.KS),2019-05-31,35948.94
Samsung (005930.KS),2019-06-30,40065.65
Samsung (005930.KS),2019-07-31,38659.09
Samsung (005930.KS),2019-08-31,37508.26
Samsung (005930.KS),2019-09-30,42116.22
Samsung (005930.KS),2019-10-31,43275.39
Samsung (005930.KS),2019-11-30,43189.52
Samsung (005930.KS),2019-12-31,48220.16
Samsung (005930.KS),2020-01-31,48738.66
Samsung (005930.KS),2020-02-29,46837.5
Samsung (005930.KS),2020-03-31,41568.34
Samsung (005930.KS),2020-04-30,43527.05
Samsung (005930.KS),2020-05-31,44136.43
Samsung (005930.KS),2020-06-30,46271.88
Samsung (005930.KS),2020-07-31,50741.32
Samsung (005930.KS),2020-08-31,47323.52
Samsung (005930.KS),2020-09-30,51317.99
Samsung (005930.KS),2020-10-31,49907.18
Samsung (005930.KS),2020-11-30,58812.89
Samsung (005930.KS),2020-12-31,73219.41
Samsung (005930.KS),2021-01-31,74123.35
Samsung (005930.KS),2021-02-28,74575.31
Samsung (005930.KS),2021-03-31,73907.95
Samsung (005930.KS),2021-04-30,73998.74
Samsung (005930.KS),2021-05-31,73090.78
Samsung (005930.KS),2021-06-30,73596.78
Samsung (005930.KS),2021-07-31,71590.42
Samsung (005930.KS),2021-08-31,69948.86
Samsung (005930.KS),2021-09-30,67898.95
Samsung (005930.KS),2021-10-31,63958.8
Samsung (005930.KS),2021-11-30,65333.28
Samsung (005930.KS),2021-12-31,72071.5
Samsung (005930.KS),2022-01-31,67469.22
Samsung (005930.KS),2022-02-28,66180.59
Samsung (005930.KS),2022-03-31,64394.7
Samsung (005930.KS),2022-04-30,62359.24
Samsung (005930.KS),2022-05-31,62359.24
Samsung (005930.KS),2022-06-30,53059.5
Samsung (005930.KS),2022-07-31,57155.32
Samsung (005930.KS),2022-08-31,55572.85
Samsung (005930.KS),2022-09-30,49768.75
Samsung (005930.KS),2022-10-31,55673.51
Samsung (005930.KS),2022-11-30,58297.86
Samsung (005930.KS),2022-12-31,52154.79
Samsung (005930.KS),2023-01-31,57907.85
Samsung (005930.KS),2023-02-28,57153.35
Samsung (005930.KS),2023-03-31,60709.52
Samsung (005930.KS),2023-04-30,62132.39
Samsung (005930.KS),2023-05-31,67729.06
Samsung (005930.KS),2023-06-30,68829.7
Samsung (005930.KS),2023-07-31,66541.73
Samsung (005930.KS),2023-08-31,63777.1
Samsung (005930.KS),2023-09-30,65548.05
Samsung (005930.KS),2023-10-31,64110.59
Samsung (005930.KS),2023-11-30,69764.59
Samsung (005930.KS),2023-12-31,75583.14
Samsung (005930.KS),2024-01-31,69998.66
Samsung (005930.KS),2024-02-29,70672.65
Samsung (005930.KS),2024-03-31,79698.77
Samsung (005930.KS),2024-04-30,74959.4
Samsung (005930.KS),2024-05-31,71090.52
Samsung (005930.KS),2024-06-30,79179.86
Samsung (005930.KS),2024-07-31,81511.53
Samsung (005930.KS),2024-08-31,72184.83
Samsung (005930.KS),2024-09-30,60084.46
Samsung (005930.KS),2024-10-31,57837.41
Samsung (005930.KS),2024-11-30,52952.49
Samsung (005930.KS),2024-12-31,52329.9
